risk_band,students,avg_cgpa,avg_risk
High,41,6.389024390243902,69.27317073170731
Medium,1363,7.048708730741012,45.21804842259721
Low,10596,7.726911098527747,7.845328425821065
