placement_year,total_students,placed_students,avg_package,avg_risk_score,placement_rate
2019,2000,1833,10.777103109656302,12.64355,91.65
2020,2000,1826,10.821319824753562,12.0901,91.3
2021,2000,1824,10.829117324561402,12.432799999999999,91.2
2022,2000,1823,10.844333516182118,12.641950000000001,91.15
2023,2000,1824,10.817412280701754,12.452200000000001,91.2
2024,2000,1807,11.000636413945765,11.540149999999999,90.35
